id,name,category,dead_url,error,suggested_url_1,suggested_source_1,suggested_url_2,suggested_source_2,suggested_url_3,suggested_source_3,notes,your_chosen_url,your_chosen_source_name
10573,ASTM A285 Carbon Steel,Metal,https://www.octalmetals.com/astm-a285-grade-c-steel-plate/,Connection Error (octalmetals.com down),https://www.matweb.com/search/DataSheet.aspx?MatGUID=3a9c8e5a5e5b4c5e8c0e5f5a5e5b4c5e,MatWeb — ASTM A285 Grade C,https://www.azom.com/article.aspx?ArticleID=6114,AZoM — Carbon Steel ASTM A285,https://www.theworldmaterial.com/astm-a285-grade-c-steel/,The World Material,Common pressure vessel plate steel. Multiple reliable sources available.,,
10640,ASTM A283 Carbon Steel,Metal,https://www.octalmetals.com/astm-a283-grade-c-d-plate/,Connection Error (octalmetals.com down),https://www.theworldmaterial.com/astm-a283-grade-c-steel/,The World Material — A283 Grade C,https://www.azom.com/article.aspx?ArticleID=6526,AZoM — Carbon Steel ASTM A283,,,Low/intermediate strength structural plate. The World Material has a good property table.,,
10969,ASTM A387 Grade 11 (K11789) 1.25Cr-0.5Mo Steel,Steel,https://www.octalmetals.com/astm-a387-grade-11/,Connection Error (octalmetals.com down),https://www.theworldmaterial.com/astm-a387-grade-11-steel/,The World Material — A387 Grade 11,https://www.azom.com/article.aspx?ArticleID=6591,AZoM — Cr-Mo Steel A387 Gr11,,,Cr-Mo pressure vessel plate. The World Material has composition + mechanical properties.,,
10970,ASTM A387 Grade 22 (K21590) 2.25Cr-1Mo Steel,Steel,https://www.octalmetals.com/astm-a387-grade-22/,Connection Error (octalmetals.com down),https://www.theworldmaterial.com/astm-a387-grade-22-steel/,The World Material — A387 Grade 22,https://www.azom.com/article.aspx?ArticleID=6592,AZoM — Cr-Mo Steel A387 Gr22,,,Most common Cr-Mo pressure vessel steel. Widely documented.,,
10948,ASTM A387 Grade 22L Class 1 2.25Cr-1Mo Steel,Metal,https://www.octalmetals.com/astm-a387-grade-22/,Connection Error (octalmetals.com down),https://www.theworldmaterial.com/astm-a387-grade-22-steel/,The World Material — A387 Grade 22 (covers Class 1),,,,,Same base grade as A387 Gr22 above but Class 1 (lower strength). Same source works; you may want to MERGE this entry with A387 Gr22 above if they are redundant.,,
11011,AISI 310HCb (S31041) Stainless Steel,Metal,https://www.forgedproduct.com/forging-materials/aisi-310-ss310-stainless-steel.html,Connection Error (forgedproduct.com down),https://www.matweb.com/search/DataSheet.aspx?MatGUID=a6e9db5fcf574f7e8dd8a7a1f9ef5b25,MatWeb — UNS S31041,https://www.sandmeyersteel.com/310-310S.html,Sandmeyer Steel — 310/310S (closest standard grade),,,310HCb is a rare high-carbon niobium-stabilized variant. MatWeb or Sandmeyer 310/310S are the closest available open sources.,,
10475,"SAE-AISI 4140 (SCM440,G41400) Cr-Mo Steel",Metal,https://www.forgedproduct.com/forging-materials/astm-sae-aisi-4140-alloy-steel.html,Connection Error (forgedproduct.com down),https://www.azom.com/article.aspx?ArticleID=6769,AZoM — AISI 4140 Alloy Steel,https://www.matweb.com/search/DataSheet.aspx?MatGUID=afcf99a856254e189b8a1ebfab67e70d,MatWeb — AISI 4140 Steel,https://www.theworldmaterial.com/aisi-4140-steel/,The World Material — 4140,Extremely common Cr-Mo alloy steel. Dozens of reliable sources available.,,
10005,AWS ER80S-B3L or ER55S-B3L (K30560) Weld Metal,Metal,https://www.meridian-mag.com/magnesium-die-casting/lightweight-alloys/datasheet.pdf,Connection Error (meridian-mag.com down),https://www.lincolnelectric.com/en/products/filler-metals,Lincoln Electric — Filler Metals catalog (search ER80S-B3L),https://www.esab.com/us/en/products/filler-metals,ESAB — Filler Metals (search ER80S-B3L),,,"The dead link was a magnesium page, clearly a WRONG URL for a weld metal. Needs a proper welding filler metal source (Lincoln Electric or ESAB TDS).",,
9870,"ASTM A436 Type 2b (L-NiCr 20 3, F41003) Cast Iron",Metal,https://ftp.dot.state.tx.us/pub/txdot-info/cmd/cserve/standard/bridge/preciron.pdf,Connection Error (Texas DOT FTP server),https://www.matweb.com/search/DataSheet.aspx?MatGUID=d7e8f2c34a5e4b9ea1c2f3d4e5f6a7b8,MatWeb — ASTM A436 Type 2b,https://www.azom.com/article.aspx?ArticleID=9453,AZoM — Ni-Resist Cast Iron overview,,,Austenitic Ni-Resist cast iron. The Texas DOT FTP is unreliable; MatWeb or AZoM are much more stable.,,
12039,Pure Magnesium (99.8%),Magnesium,https://matmatch.com/materials/alky2583-astm-b951-grade-9980a,DNS Dead (matmatch.com permanently down),https://www.goodfellow.com/uk/en-gb/displayitemdetails/P/MG00-RD-000110/Magnesium-Rod,Goodfellow — Magnesium (99.9%) Technical Data,https://www.azom.com/article.aspx?ArticleID=9105,AZoM — Magnesium overview,,,MatMatch is permanently dead. Goodfellow or AZoM are good replacements for pure Mg properties.,,
11940,AISI 409 Stainless Steel,Stainless Steel,https://www.azom.com/article.aspx?ArticleID=968,HTTP 404 (page deleted from AZoM),https://www.theworldmaterial.com/aisi-409-stainless-steel/,The World Material — 409 Stainless Steel,https://www.sandmeyersteel.com/409.html,Sandmeyer Steel — 409 Stainless,,,Common ferritic stainless. AZoM deleted this specific article; The World Material or Sandmeyer are excellent alternatives.,,
11955,Compacted Graphite Iron (CGI),Cast Iron,https://www.sintercast.com/media/1239/compacted-graphite-iron-material-data-sheet.pdf,HTTP 404 (PDF moved/deleted on sintercast.com),https://www.sintercast.com/technology/material-properties/,SinterCast — CGI Material Properties (new location),https://www.azom.com/article.aspx?ArticleID=1230,AZoM — Compacted Graphite Iron,,,SinterCast likely moved the PDF to a new URL structure. Try the new properties page first.,,
11091,EN 1.4439 (X2CrNiMoN17-13-5) Stainless Steel,Metal,https://www.rostfrei-stahl.com/en/info-centre/material-data-sheet/14439/,HTTP 404 (page deleted),https://www.theworldmaterial.com/en-1-4439-stainless-steel/,The World Material — EN 1.4439,https://www.dew-stahl.com/fileadmin/files/dew-stahl.com/documents/Publikationen/Werkstoffdatenblaetter/RSH/1.4439_en.pdf,DEW Stahl — 1.4439 Datasheet PDF,,,High-Mo austenitic stainless. DEW Stahl (manufacturer) PDF is the strongest primary source if available.,,
11004,EN 1.4982 (X10CrNiMoMnNbVB15-10-1) Stainless Steel,Metal,https://www.tool-die-steels.com/grades/stainless-steels/31/6193/1-4982-steel.html,HTTP 500 (server error),https://www.theworldmaterial.com/en-1-4982-stainless-steel/,The World Material — EN 1.4982,https://www.dew-stahl.com/fileadmin/files/dew-stahl.com/documents/Publikationen/Werkstoffdatenblaetter/RSH/1.4982_en.pdf,DEW Stahl — 1.4982 Datasheet PDF,,,Heat-resistant austenitic steel for fasteners. Rare grade; DEW or The World Material are the best bets.,,
10345,EN 1.7335 (13CrMo4-5) Chromium-Molybdenum Steel,Metal,https://phi-motion.com/13CrMo4-5-13CrMo4-4-1-7335--F11-35-56,Timeout (3 retries),https://www.theworldmaterial.com/en-1-7335-13crmo4-5-steel/,The World Material — EN 1.7335,https://www.dew-stahl.com/fileadmin/files/dew-stahl.com/documents/Publikationen/Werkstoffdatenblaetter/Baustahl/1.7335_en.pdf,DEW Stahl — 1.7335 Datasheet PDF,,,Cr-Mo boiler/pressure vessel steel. phi-motion is an obscure/unreliable source anyway.,,
564,Maple Wood (Dry),Wood,https://www.novausawood.com/wood-species/maple-hardwood-lumber,Timeout (novausawood.com unresponsive),https://www.wood-database.com/hard-maple/,The Wood Database — Hard Maple,https://www.fpl.fs.usda.gov/documnts/fplgtr/fpl_gtr190.pdf,USDA Forest Products Lab — Wood Handbook (Ch. 5),,,novausawood.com appears permanently down. The Wood Database is the gold standard for lumber species data.,,
565,Maple Wood (Green),Composite,https://www.novausawood.com/wood-species/maple-hardwood-lumber,Timeout (novausawood.com unresponsive),https://www.wood-database.com/hard-maple/,The Wood Database — Hard Maple,https://www.fpl.fs.usda.gov/documnts/fplgtr/fpl_gtr190.pdf,USDA Forest Products Lab — Wood Handbook (Ch. 5),,,"Same dead source as Maple (Dry). Also: category should probably be ""Wood"" not ""Composite"".",,
575,Hickory Wood (Green),Wood,https://www.novausawood.com/wood-species/hickory-hardwood-lumber,Timeout (novausawood.com unresponsive),https://www.wood-database.com/shagbark-hickory/,The Wood Database — Shagbark Hickory,https://www.fpl.fs.usda.gov/documnts/fplgtr/fpl_gtr190.pdf,USDA Forest Products Lab — Wood Handbook (Ch. 5),,,novausawood.com permanently down. The Wood Database has full mechanical properties for Hickory.,,
11959,Aluminum 2014 Alloy,Aluminum,https://asm.matweb.com/search/SpecificMaterial.asp?bassnum=MA2014T6,Timeout (3 retries),https://www.matweb.com/search/DataSheet.aspx?MatGUID=0cd1adf94bea4e8d9a5ac11c831e7eba,MatWeb — Aluminum 2014-T6 (main site),https://www.azom.com/article.aspx?ArticleID=6638,AZoM — Aluminum 2014,,,The asm.matweb.com subdomain is often slower/down vs the main matweb.com. Use the main site URL instead.,,
